Title Number,Title Name
Title 1,Write
Title 2,Practice
Title 3,Premium
Title 4,Jobs
Title 5,Python program to Count occurrences of each word in given text file
Title 6,Python program to check if email address is valid or not
Title 7,Java program to slice an array
Title 8,C Program to Print Alphabets from A to Z Using Loop
Title 9,Functional Dependency & its Properties in DBMS
Title 10,C Program to Store Information of Students Using Structure
Title 11,How to Initialize a List in Java
Title 12,Python Program to Print all the Numbers divisible by 3 and 5
Title 13,How to Create CRUD API in Flask using Python
Title 14,C Program to Generate Random Alphabets
Title 15,Super Profit Method of Calculating Goodwill
Title 16,Angular PrimeNG Skeleton Circle
Title 17,Angular PrimeNG Tags
Title 18,React.js Blueprint skeleton Component CSS
Title 19,Angular PrimeNG Skeleton Rectangle
Title 20,Angular PrimeNG Skeleton Rounded
Title 21,Angular PrimeNG Skeleton Animation
Title 22,Spring MVC – Get Probability of a Gender by Providing a Name using REST API
Title 23,Moment.js Fiscal Quarters Plugin
Title 24,Backbone.js js Routing
Title 25,Angular PrimeNG Skeleton Border Radius
Title 26,React.js Blueprint Progress bar Component CSS
Title 27,Angular PrimeNG Skeleton Square
Title 28,Pure CSS Grids with Multi-Column Form
Title 29,React Suite Tooltip Container and prevent overflow
Title 30,Data Structures & Algorithms- Self Paced Course
Title 31,Complete Interview Preparation- Self Paced Course
Title 32,"Practice Problems, POTD Streak, Weekly Contests & More!"
